{
    "apiVersion": "v1",
    "items": [
        {
            "apiVersion": "v1",
            "kind": "Pod",
            "metadata": {
                "annotations": {
                    "kubernetes.io/limit-ranger": "LimitRanger plugin set: cpu request for container parsec-blackscholes"
                },
                "creationTimestamp": "2023-05-12T08:41:32Z",
                "generateName": "parsec-blackscholes-",
                "labels": {
                    "controller-uid": "d993d28d-1b1b-4347-af4e-83904d5650c6",
                    "job-name": "parsec-blackscholes"
                },
                "name": "parsec-blackscholes-lbwrz",
                "namespace": "default",
                "ownerReferences": [
                    {
                        "apiVersion": "batch/v1",
                        "blockOwnerDeletion": true,
                        "controller": true,
                        "kind": "Job",
                        "name": "parsec-blackscholes",
                        "uid": "d993d28d-1b1b-4347-af4e-83904d5650c6"
                    }
                ],
                "resourceVersion": "15200",
                "uid": "a1ed1952-52b0-4a68-947e-7d9bf8645aec"
            },
            "spec": {
                "containers": [
                    {
                        "args": [
                            "-c",
                            "taskset -c 1 ./run -a run -S parsec -p blackscholes -i native -n 1"
                        ],
                        "command": [
                            "/bin/sh"
                        ],
                        "image": "anakli/cca:parsec_blackscholes",
                        "imagePullPolicy": "Always",
                        "name": "parsec-blackscholes",
                        "resources": {
                            "requests": {
                                "cpu": "100m"
                            }
                        },
                        "terminationMessagePath": "/dev/termination-log",
                        "terminationMessagePolicy": "File",
                        "volumeMounts": [
                            {
                                "mountPath": "/var/run/secrets/kubernetes.io/serviceaccount",
                                "name": "kube-api-access-ghm5t",
                                "readOnly": true
                            }
                        ]
                    }
                ],
                "dnsPolicy": "ClusterFirst",
                "enableServiceLinks": true,
                "nodeName": "node-a-2core-51sb",
                "nodeSelector": {
                    "cca-project-nodetype": "node-a-2core"
                },
                "preemptionPolicy": "PreemptLowerPriority",
                "priority": 0,
                "restartPolicy": "Never",
                "schedulerName": "default-scheduler",
                "securityContext": {},
                "serviceAccount": "default",
                "serviceAccountName": "default",
                "terminationGracePeriodSeconds": 30,
                "tolerations": [
                    {
                        "effect": "NoExecute",
                        "key": "node.kubernetes.io/not-ready",
                        "operator": "Exists",
                        "tolerationSeconds": 300
                    },
                    {
                        "effect": "NoExecute",
                        "key": "node.kubernetes.io/unreachable",
                        "operator": "Exists",
                        "tolerationSeconds": 300
                    }
                ],
                "volumes": [
                    {
                        "name": "kube-api-access-ghm5t",
                        "projected": {
                            "defaultMode": 420,
                            "sources": [
                                {
                                    "serviceAccountToken": {
                                        "expirationSeconds": 3607,
                                        "path": "token"
                                    }
                                },
                                {
                                    "configMap": {
                                        "items": [
                                            {
                                                "key": "ca.crt",
                                                "path": "ca.crt"
                                            }
                                        ],
                                        "name": "kube-root-ca.crt"
                                    }
                                },
                                {
                                    "downwardAPI": {
                                        "items": [
                                            {
                                                "fieldRef": {
                                                    "apiVersion": "v1",
                                                    "fieldPath": "metadata.namespace"
                                                },
                                                "path": "namespace"
                                            }
                                        ]
                                    }
                                }
                            ]
                        }
                    }
                ]
            },
            "status": {
                "conditions": [
                    {
                        "lastProbeTime": null,
                        "lastTransitionTime": "2023-05-12T08:41:33Z",
                        "reason": "PodCompleted",
                        "status": "True",
                        "type": "Initialized"
                    },
                    {
                        "lastProbeTime": null,
                        "lastTransitionTime": "2023-05-12T08:43:12Z",
                        "reason": "PodCompleted",
                        "status": "False",
                        "type": "Ready"
                    },
                    {
                        "lastProbeTime": null,
                        "lastTransitionTime": "2023-05-12T08:43:12Z",
                        "reason": "PodCompleted",
                        "status": "False",
                        "type": "ContainersReady"
                    },
                    {
                        "lastProbeTime": null,
                        "lastTransitionTime": "2023-05-12T08:41:33Z",
                        "status": "True",
                        "type": "PodScheduled"
                    }
                ],
                "containerStatuses": [
                    {
                        "containerID": "docker://79502b906765657b9eff5b5fe4c2798e52c539a9e1f52b94d12571faa68030f7",
                        "image": "anakli/cca:parsec_blackscholes",
                        "imageID": "docker-pullable://anakli/cca@sha256:7a46dab25dbb692c7c9eaa7a6bf5edeb220e3209b2460a18d05be40533849dc3",
                        "lastState": {},
                        "name": "parsec-blackscholes",
                        "ready": false,
                        "restartCount": 0,
                        "started": false,
                        "state": {
                            "terminated": {
                                "containerID": "docker://79502b906765657b9eff5b5fe4c2798e52c539a9e1f52b94d12571faa68030f7",
                                "exitCode": 0,
                                "finishedAt": "2023-05-12T08:43:10Z",
                                "reason": "Completed",
                                "startedAt": "2023-05-12T08:41:34Z"
                            }
                        }
                    }
                ],
                "hostIP": "10.0.16.8",
                "phase": "Succeeded",
                "podIP": "100.96.5.12",
                "podIPs": [
                    {
                        "ip": "100.96.5.12"
                    }
                ],
                "qosClass": "Burstable",
                "startTime": "2023-05-12T08:41:33Z"
            }
        },
        {
            "apiVersion": "v1",
            "kind": "Pod",
            "metadata": {
                "annotations": {
                    "kubernetes.io/limit-ranger": "LimitRanger plugin set: cpu request for container parsec-canneal"
                },
                "creationTimestamp": "2023-05-12T08:41:33Z",
                "generateName": "parsec-canneal-",
                "labels": {
                    "controller-uid": "2884d088-ea7c-4ab0-8cf4-abdfb0f10ebc",
                    "job-name": "parsec-canneal"
                },
                "name": "parsec-canneal-4ltv6",
                "namespace": "default",
                "ownerReferences": [
                    {
                        "apiVersion": "batch/v1",
                        "blockOwnerDeletion": true,
                        "controller": true,
                        "kind": "Job",
                        "name": "parsec-canneal",
                        "uid": "2884d088-ea7c-4ab0-8cf4-abdfb0f10ebc"
                    }
                ],
                "resourceVersion": "15417",
                "uid": "6301e972-e44b-4dab-9ec0-454e262000e8"
            },
            "spec": {
                "containers": [
                    {
                        "args": [
                            "-c",
                            "taskset -c 4,5,6,7 ./run -a run -S parsec -p canneal -i native -n 4"
                        ],
                        "command": [
                            "/bin/sh"
                        ],
                        "image": "anakli/cca:parsec_canneal",
                        "imagePullPolicy": "Always",
                        "name": "parsec-canneal",
                        "resources": {
                            "requests": {
                                "cpu": "100m"
                            }
                        },
                        "terminationMessagePath": "/dev/termination-log",
                        "terminationMessagePolicy": "File",
                        "volumeMounts": [
                            {
                                "mountPath": "/var/run/secrets/kubernetes.io/serviceaccount",
                                "name": "kube-api-access-g4pdg",
                                "readOnly": true
                            }
                        ]
                    }
                ],
                "dnsPolicy": "ClusterFirst",
                "enableServiceLinks": true,
                "nodeName": "node-c-8core-6r0x",
                "nodeSelector": {
                    "cca-project-nodetype": "node-c-8core"
                },
                "preemptionPolicy": "PreemptLowerPriority",
                "priority": 0,
                "restartPolicy": "Never",
                "schedulerName": "default-scheduler",
                "securityContext": {},
                "serviceAccount": "default",
                "serviceAccountName": "default",
                "terminationGracePeriodSeconds": 30,
                "tolerations": [
                    {
                        "effect": "NoExecute",
                        "key": "node.kubernetes.io/not-ready",
                        "operator": "Exists",
                        "tolerationSeconds": 300
                    },
                    {
                        "effect": "NoExecute",
                        "key": "node.kubernetes.io/unreachable",
                        "operator": "Exists",
                        "tolerationSeconds": 300
                    }
                ],
                "volumes": [
                    {
                        "name": "kube-api-access-g4pdg",
                        "projected": {
                            "defaultMode": 420,
                            "sources": [
                                {
                                    "serviceAccountToken": {
                                        "expirationSeconds": 3607,
                                        "path": "token"
                                    }
                                },
                                {
                                    "configMap": {
                                        "items": [
                                            {
                                                "key": "ca.crt",
                                                "path": "ca.crt"
                                            }
                                        ],
                                        "name": "kube-root-ca.crt"
                                    }
                                },
                                {
                                    "downwardAPI": {
                                        "items": [
                                            {
                                                "fieldRef": {
                                                    "apiVersion": "v1",
                                                    "fieldPath": "metadata.namespace"
                                                },
                                                "path": "namespace"
                                            }
                                        ]
                                    }
                                }
                            ]
                        }
                    }
                ]
            },
            "status": {
                "conditions": [
                    {
                        "lastProbeTime": null,
                        "lastTransitionTime": "2023-05-12T08:41:33Z",
                        "reason": "PodCompleted",
                        "status": "True",
                        "type": "Initialized"
                    },
                    {
                        "lastProbeTime": null,
                        "lastTransitionTime": "2023-05-12T08:44:11Z",
                        "reason": "PodCompleted",
                        "status": "False",
                        "type": "Ready"
                    },
                    {
                        "lastProbeTime": null,
                        "lastTransitionTime": "2023-05-12T08:44:11Z",
                        "reason": "PodCompleted",
                        "status": "False",
                        "type": "ContainersReady"
                    },
                    {
                        "lastProbeTime": null,
                        "lastTransitionTime": "2023-05-12T08:41:33Z",
                        "status": "True",
                        "type": "PodScheduled"
                    }
                ],
                "containerStatuses": [
                    {
                        "containerID": "docker://4884e511256755ace6506a98958abf7b6c76ed0e525d82941a743b0f34390fd6",
                        "image": "anakli/cca:parsec_canneal",
                        "imageID": "docker-pullable://anakli/cca@sha256:cb8c3ea7a7071c7802b84179c36f52673ee099bbc2efd90149611285fec24367",
                        "lastState": {},
                        "name": "parsec-canneal",
                        "ready": false,
                        "restartCount": 0,
                        "started": false,
                        "state": {
                            "terminated": {
                                "containerID": "docker://4884e511256755ace6506a98958abf7b6c76ed0e525d82941a743b0f34390fd6",
                                "exitCode": 0,
                                "finishedAt": "2023-05-12T08:44:10Z",
                                "reason": "Completed",
                                "startedAt": "2023-05-12T08:41:34Z"
                            }
                        }
                    }
                ],
                "hostIP": "10.0.16.5",
                "phase": "Succeeded",
                "podIP": "100.96.6.14",
                "podIPs": [
                    {
                        "ip": "100.96.6.14"
                    }
                ],
                "qosClass": "Burstable",
                "startTime": "2023-05-12T08:41:33Z"
            }
        },
        {
            "apiVersion": "v1",
            "kind": "Pod",
            "metadata": {
                "annotations": {
                    "kubernetes.io/limit-ranger": "LimitRanger plugin set: cpu request for container parsec-dedup"
                },
                "creationTimestamp": "2023-05-12T08:41:33Z",
                "generateName": "parsec-dedup-",
                "labels": {
                    "controller-uid": "0929f455-c38c-43a2-874c-393245f38740",
                    "job-name": "parsec-dedup"
                },
                "name": "parsec-dedup-p6l5x",
                "namespace": "default",
                "ownerReferences": [
                    {
                        "apiVersion": "batch/v1",
                        "blockOwnerDeletion": true,
                        "controller": true,
                        "kind": "Job",
                        "name": "parsec-dedup",
                        "uid": "0929f455-c38c-43a2-874c-393245f38740"
                    }
                ],
                "resourceVersion": "15049",
                "uid": "e030b28e-cdb0-4b67-8b4a-5254ce9a0080"
            },
            "spec": {
                "containers": [
                    {
                        "args": [
                            "-c",
                            "taskset -c 1 ./run -a run -S parsec -p dedup -i native -n 1"
                        ],
                        "command": [
                            "/bin/sh"
                        ],
                        "image": "anakli/cca:parsec_dedup",
                        "imagePullPolicy": "Always",
                        "name": "parsec-dedup",
                        "resources": {
                            "requests": {
                                "cpu": "100m"
                            }
                        },
                        "terminationMessagePath": "/dev/termination-log",
                        "terminationMessagePolicy": "File",
                        "volumeMounts": [
                            {
                                "mountPath": "/var/run/secrets/kubernetes.io/serviceaccount",
                                "name": "kube-api-access-lsvcp",
                                "readOnly": true
                            }
                        ]
                    }
                ],
                "dnsPolicy": "ClusterFirst",
                "enableServiceLinks": true,
                "nodeName": "node-a-2core-51sb",
                "nodeSelector": {
                    "cca-project-nodetype": "node-a-2core"
                },
                "preemptionPolicy": "PreemptLowerPriority",
                "priority": 0,
                "restartPolicy": "Never",
                "schedulerName": "default-scheduler",
                "securityContext": {},
                "serviceAccount": "default",
                "serviceAccountName": "default",
                "terminationGracePeriodSeconds": 30,
                "tolerations": [
                    {
                        "effect": "NoExecute",
                        "key": "node.kubernetes.io/not-ready",
                        "operator": "Exists",
                        "tolerationSeconds": 300
                    },
                    {
                        "effect": "NoExecute",
                        "key": "node.kubernetes.io/unreachable",
                        "operator": "Exists",
                        "tolerationSeconds": 300
                    }
                ],
                "volumes": [
                    {
                        "name": "kube-api-access-lsvcp",
                        "projected": {
                            "defaultMode": 420,
                            "sources": [
                                {
                                    "serviceAccountToken": {
                                        "expirationSeconds": 3607,
                                        "path": "token"
                                    }
                                },
                                {
                                    "configMap": {
                                        "items": [
                                            {
                                                "key": "ca.crt",
                                                "path": "ca.crt"
                                            }
                                        ],
                                        "name": "kube-root-ca.crt"
                                    }
                                },
                                {
                                    "downwardAPI": {
                                        "items": [
                                            {
                                                "fieldRef": {
                                                    "apiVersion": "v1",
                                                    "fieldPath": "metadata.namespace"
                                                },
                                                "path": "namespace"
                                            }
                                        ]
                                    }
                                }
                            ]
                        }
                    }
                ]
            },
            "status": {
                "conditions": [
                    {
                        "lastProbeTime": null,
                        "lastTransitionTime": "2023-05-12T08:41:33Z",
                        "reason": "PodCompleted",
                        "status": "True",
                        "type": "Initialized"
                    },
                    {
                        "lastProbeTime": null,
                        "lastTransitionTime": "2023-05-12T08:42:31Z",
                        "reason": "PodCompleted",
                        "status": "False",
                        "type": "Ready"
                    },
                    {
                        "lastProbeTime": null,
                        "lastTransitionTime": "2023-05-12T08:42:31Z",
                        "reason": "PodCompleted",
                        "status": "False",
                        "type": "ContainersReady"
                    },
                    {
                        "lastProbeTime": null,
                        "lastTransitionTime": "2023-05-12T08:41:33Z",
                        "status": "True",
                        "type": "PodScheduled"
                    }
                ],
                "containerStatuses": [
                    {
                        "containerID": "docker://352ff43ba0eddaf0d21dcba3fc06609d614f478ee34b1d654f936354b759ac98",
                        "image": "anakli/cca:parsec_dedup",
                        "imageID": "docker-pullable://anakli/cca@sha256:4bd64384b51253d5f69a5bb229055c6d114e4751b19036f29d8e75d84b53164d",
                        "lastState": {},
                        "name": "parsec-dedup",
                        "ready": false,
                        "restartCount": 0,
                        "started": false,
                        "state": {
                            "terminated": {
                                "containerID": "docker://352ff43ba0eddaf0d21dcba3fc06609d614f478ee34b1d654f936354b759ac98",
                                "exitCode": 0,
                                "finishedAt": "2023-05-12T08:42:26Z",
                                "reason": "Completed",
                                "startedAt": "2023-05-12T08:41:40Z"
                            }
                        }
                    }
                ],
                "hostIP": "10.0.16.8",
                "phase": "Succeeded",
                "podIP": "100.96.5.13",
                "podIPs": [
                    {
                        "ip": "100.96.5.13"
                    }
                ],
                "qosClass": "Burstable",
                "startTime": "2023-05-12T08:41:33Z"
            }
        },
        {
            "apiVersion": "v1",
            "kind": "Pod",
            "metadata": {
                "annotations": {
                    "kubernetes.io/limit-ranger": "LimitRanger plugin set: cpu request for container parsec-ferret"
                },
                "creationTimestamp": "2023-05-12T08:41:33Z",
                "generateName": "parsec-ferret-",
                "labels": {
                    "controller-uid": "7dd80936-371b-4671-9be4-962a0a5c9684",
                    "job-name": "parsec-ferret"
                },
                "name": "parsec-ferret-f5dlp",
                "namespace": "default",
                "ownerReferences": [
                    {
                        "apiVersion": "batch/v1",
                        "blockOwnerDeletion": true,
                        "controller": true,
                        "kind": "Job",
                        "name": "parsec-ferret",
                        "uid": "7dd80936-371b-4671-9be4-962a0a5c9684"
                    }
                ],
                "resourceVersion": "15442",
                "uid": "e1abc2e9-23bb-4dd3-ab10-31190bc0ea04"
            },
            "spec": {
                "containers": [
                    {
                        "args": [
                            "-c",
                            "taskset -c 0,1,2,3 ./run -a run -S parsec -p ferret -i native -n 4"
                        ],
                        "command": [
                            "/bin/sh"
                        ],
                        "image": "anakli/cca:parsec_ferret",
                        "imagePullPolicy": "Always",
                        "name": "parsec-ferret",
                        "resources": {
                            "requests": {
                                "cpu": "100m"
                            }
                        },
                        "terminationMessagePath": "/dev/termination-log",
                        "terminationMessagePolicy": "File",
                        "volumeMounts": [
                            {
                                "mountPath": "/var/run/secrets/kubernetes.io/serviceaccount",
                                "name": "kube-api-access-b6s85",
                                "readOnly": true
                            }
                        ]
                    }
                ],
                "dnsPolicy": "ClusterFirst",
                "enableServiceLinks": true,
                "nodeName": "node-c-8core-6r0x",
                "nodeSelector": {
                    "cca-project-nodetype": "node-c-8core"
                },
                "preemptionPolicy": "PreemptLowerPriority",
                "priority": 0,
                "restartPolicy": "Never",
                "schedulerName": "default-scheduler",
                "securityContext": {},
                "serviceAccount": "default",
                "serviceAccountName": "default",
                "terminationGracePeriodSeconds": 30,
                "tolerations": [
                    {
                        "effect": "NoExecute",
                        "key": "node.kubernetes.io/not-ready",
                        "operator": "Exists",
                        "tolerationSeconds": 300
                    },
                    {
                        "effect": "NoExecute",
                        "key": "node.kubernetes.io/unreachable",
                        "operator": "Exists",
                        "tolerationSeconds": 300
                    }
                ],
                "volumes": [
                    {
                        "name": "kube-api-access-b6s85",
                        "projected": {
                            "defaultMode": 420,
                            "sources": [
                                {
                                    "serviceAccountToken": {
                                        "expirationSeconds": 3607,
                                        "path": "token"
                                    }
                                },
                                {
                                    "configMap": {
                                        "items": [
                                            {
                                                "key": "ca.crt",
                                                "path": "ca.crt"
                                            }
                                        ],
                                        "name": "kube-root-ca.crt"
                                    }
                                },
                                {
                                    "downwardAPI": {
                                        "items": [
                                            {
                                                "fieldRef": {
                                                    "apiVersion": "v1",
                                                    "fieldPath": "metadata.namespace"
                                                },
                                                "path": "namespace"
                                            }
                                        ]
                                    }
                                }
                            ]
                        }
                    }
                ]
            },
            "status": {
                "conditions": [
                    {
                        "lastProbeTime": null,
                        "lastTransitionTime": "2023-05-12T08:41:33Z",
                        "reason": "PodCompleted",
                        "status": "True",
                        "type": "Initialized"
                    },
                    {
                        "lastProbeTime": null,
                        "lastTransitionTime": "2023-05-12T08:44:16Z",
                        "reason": "PodCompleted",
                        "status": "False",
                        "type": "Ready"
                    },
                    {
                        "lastProbeTime": null,
                        "lastTransitionTime": "2023-05-12T08:44:16Z",
                        "reason": "PodCompleted",
                        "status": "False",
                        "type": "ContainersReady"
                    },
                    {
                        "lastProbeTime": null,
                        "lastTransitionTime": "2023-05-12T08:41:33Z",
                        "status": "True",
                        "type": "PodScheduled"
                    }
                ],
                "containerStatuses": [
                    {
                        "containerID": "docker://a41a97df8378ffc79d5f630fe91e7338809d4c09f4e46ec13c4acf79eff25d09",
                        "image": "anakli/cca:parsec_ferret",
                        "imageID": "docker-pullable://anakli/cca@sha256:3f14f111258188c28b3d2b7a7f3510220f99048148a083cd9fc6168daaea9e17",
                        "lastState": {},
                        "name": "parsec-ferret",
                        "ready": false,
                        "restartCount": 0,
                        "started": false,
                        "state": {
                            "terminated": {
                                "containerID": "docker://a41a97df8378ffc79d5f630fe91e7338809d4c09f4e46ec13c4acf79eff25d09",
                                "exitCode": 0,
                                "finishedAt": "2023-05-12T08:44:15Z",
                                "reason": "Completed",
                                "startedAt": "2023-05-12T08:41:36Z"
                            }
                        }
                    }
                ],
                "hostIP": "10.0.16.5",
                "phase": "Succeeded",
                "podIP": "100.96.6.15",
                "podIPs": [
                    {
                        "ip": "100.96.6.15"
                    }
                ],
                "qosClass": "Burstable",
                "startTime": "2023-05-12T08:41:33Z"
            }
        },
        {
            "apiVersion": "v1",
            "kind": "Pod",
            "metadata": {
                "annotations": {
                    "kubernetes.io/limit-ranger": "LimitRanger plugin set: cpu request for container parsec-freqmine"
                },
                "creationTimestamp": "2023-05-12T08:41:33Z",
                "generateName": "parsec-freqmine-",
                "labels": {
                    "controller-uid": "138852f7-731c-4a28-9c78-7e1fcdfe76fd",
                    "job-name": "parsec-freqmine"
                },
                "name": "parsec-freqmine-28pgm",
                "namespace": "default",
                "ownerReferences": [
                    {
                        "apiVersion": "batch/v1",
                        "blockOwnerDeletion": true,
                        "controller": true,
                        "kind": "Job",
                        "name": "parsec-freqmine",
                        "uid": "138852f7-731c-4a28-9c78-7e1fcdfe76fd"
                    }
                ],
                "resourceVersion": "15383",
                "uid": "a41f8151-9174-4124-bdb8-59595b7d5835"
            },
            "spec": {
                "containers": [
                    {
                        "args": [
                            "-c",
                            "taskset -c 0,1,2,3 ./run -a run -S parsec -p freqmine -i native -n 4"
                        ],
                        "command": [
                            "/bin/sh"
                        ],
                        "image": "anakli/cca:parsec_freqmine",
                        "imagePullPolicy": "Always",
                        "name": "parsec-freqmine",
                        "resources": {
                            "requests": {
                                "cpu": "100m"
                            }
                        },
                        "terminationMessagePath": "/dev/termination-log",
                        "terminationMessagePolicy": "File",
                        "volumeMounts": [
                            {
                                "mountPath": "/var/run/secrets/kubernetes.io/serviceaccount",
                                "name": "kube-api-access-7c7r5",
                                "readOnly": true
                            }
                        ]
                    }
                ],
                "dnsPolicy": "ClusterFirst",
                "enableServiceLinks": true,
                "nodeName": "node-b-4core-whlf",
                "nodeSelector": {
                    "cca-project-nodetype": "node-b-4core"
                },
                "preemptionPolicy": "PreemptLowerPriority",
                "priority": 0,
                "restartPolicy": "Never",
                "schedulerName": "default-scheduler",
                "securityContext": {},
                "serviceAccount": "default",
                "serviceAccountName": "default",
                "terminationGracePeriodSeconds": 30,
                "tolerations": [
                    {
                        "effect": "NoExecute",
                        "key": "node.kubernetes.io/not-ready",
                        "operator": "Exists",
                        "tolerationSeconds": 300
                    },
                    {
                        "effect": "NoExecute",
                        "key": "node.kubernetes.io/unreachable",
                        "operator": "Exists",
                        "tolerationSeconds": 300
                    }
                ],
                "volumes": [
                    {
                        "name": "kube-api-access-7c7r5",
                        "projected": {
                            "defaultMode": 420,
                            "sources": [
                                {
                                    "serviceAccountToken": {
                                        "expirationSeconds": 3607,
                                        "path": "token"
                                    }
                                },
                                {
                                    "configMap": {
                                        "items": [
                                            {
                                                "key": "ca.crt",
                                                "path": "ca.crt"
                                            }
                                        ],
                                        "name": "kube-root-ca.crt"
                                    }
                                },
                                {
                                    "downwardAPI": {
                                        "items": [
                                            {
                                                "fieldRef": {
                                                    "apiVersion": "v1",
                                                    "fieldPath": "metadata.namespace"
                                                },
                                                "path": "namespace"
                                            }
                                        ]
                                    }
                                }
                            ]
                        }
                    }
                ]
            },
            "status": {
                "conditions": [
                    {
                        "lastProbeTime": null,
                        "lastTransitionTime": "2023-05-12T08:41:33Z",
                        "reason": "PodCompleted",
                        "status": "True",
                        "type": "Initialized"
                    },
                    {
                        "lastProbeTime": null,
                        "lastTransitionTime": "2023-05-12T08:44:02Z",
                        "reason": "PodCompleted",
                        "status": "False",
                        "type": "Ready"
                    },
                    {
                        "lastProbeTime": null,
                        "lastTransitionTime": "2023-05-12T08:44:02Z",
                        "reason": "PodCompleted",
                        "status": "False",
                        "type": "ContainersReady"
                    },
                    {
                        "lastProbeTime": null,
                        "lastTransitionTime": "2023-05-12T08:41:33Z",
                        "status": "True",
                        "type": "PodScheduled"
                    }
                ],
                "containerStatuses": [
                    {
                        "containerID": "docker://0a5734f75fd15cb7f020625cf76a081194fe6fe35e83a604bcb25b97419e2794",
                        "image": "anakli/cca:parsec_freqmine",
                        "imageID": "docker-pullable://anakli/cca@sha256:c2a2f85fe345a655e84a629f04a1ca30482b9c0dd658bed193ed1d70a6395e5a",
                        "lastState": {},
                        "name": "parsec-freqmine",
                        "ready": false,
                        "restartCount": 0,
                        "started": false,
                        "state": {
                            "terminated": {
                                "containerID": "docker://0a5734f75fd15cb7f020625cf76a081194fe6fe35e83a604bcb25b97419e2794",
                                "exitCode": 0,
                                "finishedAt": "2023-05-12T08:44:01Z",
                                "reason": "Completed",
                                "startedAt": "2023-05-12T08:41:35Z"
                            }
                        }
                    }
                ],
                "hostIP": "10.0.16.3",
                "phase": "Succeeded",
                "podIP": "100.96.1.5",
                "podIPs": [
                    {
                        "ip": "100.96.1.5"
                    }
                ],
                "qosClass": "Burstable",
                "startTime": "2023-05-12T08:41:33Z"
            }
        },
        {
            "apiVersion": "v1",
            "kind": "Pod",
            "metadata": {
                "annotations": {
                    "kubernetes.io/limit-ranger": "LimitRanger plugin set: cpu request for container parsec-radix"
                },
                "creationTimestamp": "2023-05-12T08:41:33Z",
                "generateName": "parsec-radix-",
                "labels": {
                    "controller-uid": "3d741ab9-5d48-4e28-8aad-465a04c37a6e",
                    "job-name": "parsec-radix"
                },
                "name": "parsec-radix-4bm84",
                "namespace": "default",
                "ownerReferences": [
                    {
                        "apiVersion": "batch/v1",
                        "blockOwnerDeletion": true,
                        "controller": true,
                        "kind": "Job",
                        "name": "parsec-radix",
                        "uid": "3d741ab9-5d48-4e28-8aad-465a04c37a6e"
                    }
                ],
                "resourceVersion": "15027",
                "uid": "c260706d-cae1-43d9-a50d-159628e9a894"
            },
            "spec": {
                "containers": [
                    {
                        "args": [
                            "-c",
                            "taskset -c 4,5,6,7 ./run -a run -S splash2x -p radix -i native -n 4"
                        ],
                        "command": [
                            "/bin/sh"
                        ],
                        "image": "anakli/cca:splash2x_radix",
                        "imagePullPolicy": "Always",
                        "name": "parsec-radix",
                        "resources": {
                            "requests": {
                                "cpu": "100m"
                            }
                        },
                        "terminationMessagePath": "/dev/termination-log",
                        "terminationMessagePolicy": "File",
                        "volumeMounts": [
                            {
                                "mountPath": "/var/run/secrets/kubernetes.io/serviceaccount",
                                "name": "kube-api-access-nws8t",
                                "readOnly": true
                            }
                        ]
                    }
                ],
                "dnsPolicy": "ClusterFirst",
                "enableServiceLinks": true,
                "nodeName": "node-c-8core-6r0x",
                "nodeSelector": {
                    "cca-project-nodetype": "node-c-8core"
                },
                "preemptionPolicy": "PreemptLowerPriority",
                "priority": 0,
                "restartPolicy": "Never",
                "schedulerName": "default-scheduler",
                "securityContext": {},
                "serviceAccount": "default",
                "serviceAccountName": "default",
                "terminationGracePeriodSeconds": 30,
                "tolerations": [
                    {
                        "effect": "NoExecute",
                        "key": "node.kubernetes.io/not-ready",
                        "operator": "Exists",
                        "tolerationSeconds": 300
                    },
                    {
                        "effect": "NoExecute",
                        "key": "node.kubernetes.io/unreachable",
                        "operator": "Exists",
                        "tolerationSeconds": 300
                    }
                ],
                "volumes": [
                    {
                        "name": "kube-api-access-nws8t",
                        "projected": {
                            "defaultMode": 420,
                            "sources": [
                                {
                                    "serviceAccountToken": {
                                        "expirationSeconds": 3607,
                                        "path": "token"
                                    }
                                },
                                {
                                    "configMap": {
                                        "items": [
                                            {
                                                "key": "ca.crt",
                                                "path": "ca.crt"
                                            }
                                        ],
                                        "name": "kube-root-ca.crt"
                                    }
                                },
                                {
                                    "downwardAPI": {
                                        "items": [
                                            {
                                                "fieldRef": {
                                                    "apiVersion": "v1",
                                                    "fieldPath": "metadata.namespace"
                                                },
                                                "path": "namespace"
                                            }
                                        ]
                                    }
                                }
                            ]
                        }
                    }
                ]
            },
            "status": {
                "conditions": [
                    {
                        "lastProbeTime": null,
                        "lastTransitionTime": "2023-05-12T08:41:33Z",
                        "reason": "PodCompleted",
                        "status": "True",
                        "type": "Initialized"
                    },
                    {
                        "lastProbeTime": null,
                        "lastTransitionTime": "2023-05-12T08:42:26Z",
                        "reason": "PodCompleted",
                        "status": "False",
                        "type": "Ready"
                    },
                    {
                        "lastProbeTime": null,
                        "lastTransitionTime": "2023-05-12T08:42:26Z",
                        "reason": "PodCompleted",
                        "status": "False",
                        "type": "ContainersReady"
                    },
                    {
                        "lastProbeTime": null,
                        "lastTransitionTime": "2023-05-12T08:41:33Z",
                        "status": "True",
                        "type": "PodScheduled"
                    }
                ],
                "containerStatuses": [
                    {
                        "containerID": "docker://4a6f47fa558cfef36d3aeb3e2866a34094d9db13b57f755a4d50a96ce423464d",
                        "image": "anakli/cca:splash2x_radix",
                        "imageID": "docker-pullable://anakli/cca@sha256:dbf0e10e749cf6544504ec0c90a206b8fcdc7fced6c23df536f5857f3f0ed319",
                        "lastState": {},
                        "name": "parsec-radix",
                        "ready": false,
                        "restartCount": 0,
                        "started": false,
                        "state": {
                            "terminated": {
                                "containerID": "docker://4a6f47fa558cfef36d3aeb3e2866a34094d9db13b57f755a4d50a96ce423464d",
                                "exitCode": 0,
                                "finishedAt": "2023-05-12T08:42:11Z",
                                "reason": "Completed",
                                "startedAt": "2023-05-12T08:41:36Z"
                            }
                        }
                    }
                ],
                "hostIP": "10.0.16.5",
                "phase": "Succeeded",
                "podIP": "100.96.6.16",
                "podIPs": [
                    {
                        "ip": "100.96.6.16"
                    }
                ],
                "qosClass": "Burstable",
                "startTime": "2023-05-12T08:41:33Z"
            }
        },
        {
            "apiVersion": "v1",
            "kind": "Pod",
            "metadata": {
                "annotations": {
                    "kubernetes.io/limit-ranger": "LimitRanger plugin set: cpu request for container parsec-vips"
                },
                "creationTimestamp": "2023-05-12T08:41:34Z",
                "generateName": "parsec-vips-",
                "labels": {
                    "controller-uid": "478b2c13-981b-4887-9154-8440b1ba0ea1",
                    "job-name": "parsec-vips"
                },
                "name": "parsec-vips-pg6dg",
                "namespace": "default",
                "ownerReferences": [
                    {
                        "apiVersion": "batch/v1",
                        "blockOwnerDeletion": true,
                        "controller": true,
                        "kind": "Job",
                        "name": "parsec-vips",
                        "uid": "478b2c13-981b-4887-9154-8440b1ba0ea1"
                    }
                ],
                "resourceVersion": "15177",
                "uid": "27f5062e-1060-4651-84ee-dafb38c40866"
            },
            "spec": {
                "containers": [
                    {
                        "args": [
                            "-c",
                            "taskset -c 4,5,6,7 ./run -a run -S parsec -p vips -i native -n 4"
                        ],
                        "command": [
                            "/bin/sh"
                        ],
                        "image": "anakli/cca:parsec_vips",
                        "imagePullPolicy": "Always",
                        "name": "parsec-vips",
                        "resources": {
                            "requests": {
                                "cpu": "100m"
                            }
                        },
                        "terminationMessagePath": "/dev/termination-log",
                        "terminationMessagePolicy": "File",
                        "volumeMounts": [
                            {
                                "mountPath": "/var/run/secrets/kubernetes.io/serviceaccount",
                                "name": "kube-api-access-gk77g",
                                "readOnly": true
                            }
                        ]
                    }
                ],
                "dnsPolicy": "ClusterFirst",
                "enableServiceLinks": true,
                "nodeName": "node-c-8core-6r0x",
                "nodeSelector": {
                    "cca-project-nodetype": "node-c-8core"
                },
                "preemptionPolicy": "PreemptLowerPriority",
                "priority": 0,
                "restartPolicy": "Never",
                "schedulerName": "default-scheduler",
                "securityContext": {},
                "serviceAccount": "default",
                "serviceAccountName": "default",
                "terminationGracePeriodSeconds": 30,
                "tolerations": [
                    {
                        "effect": "NoExecute",
                        "key": "node.kubernetes.io/not-ready",
                        "operator": "Exists",
                        "tolerationSeconds": 300
                    },
                    {
                        "effect": "NoExecute",
                        "key": "node.kubernetes.io/unreachable",
                        "operator": "Exists",
                        "tolerationSeconds": 300
                    }
                ],
                "volumes": [
                    {
                        "name": "kube-api-access-gk77g",
                        "projected": {
                            "defaultMode": 420,
                            "sources": [
                                {
                                    "serviceAccountToken": {
                                        "expirationSeconds": 3607,
                                        "path": "token"
                                    }
                                },
                                {
                                    "configMap": {
                                        "items": [
                                            {
                                                "key": "ca.crt",
                                                "path": "ca.crt"
                                            }
                                        ],
                                        "name": "kube-root-ca.crt"
                                    }
                                },
                                {
                                    "downwardAPI": {
                                        "items": [
                                            {
                                                "fieldRef": {
                                                    "apiVersion": "v1",
                                                    "fieldPath": "metadata.namespace"
                                                },
                                                "path": "namespace"
                                            }
                                        ]
                                    }
                                }
                            ]
                        }
                    }
                ]
            },
            "status": {
                "conditions": [
                    {
                        "lastProbeTime": null,
                        "lastTransitionTime": "2023-05-12T08:41:34Z",
                        "reason": "PodCompleted",
                        "status": "True",
                        "type": "Initialized"
                    },
                    {
                        "lastProbeTime": null,
                        "lastTransitionTime": "2023-05-12T08:43:05Z",
                        "reason": "PodCompleted",
                        "status": "False",
                        "type": "Ready"
                    },
                    {
                        "lastProbeTime": null,
                        "lastTransitionTime": "2023-05-12T08:43:05Z",
                        "reason": "PodCompleted",
                        "status": "False",
                        "type": "ContainersReady"
                    },
                    {
                        "lastProbeTime": null,
                        "lastTransitionTime": "2023-05-12T08:41:34Z",
                        "status": "True",
                        "type": "PodScheduled"
                    }
                ],
                "containerStatuses": [
                    {
                        "containerID": "docker://3a8ab11ca4fec770335f9e871d409c364a7f4f4744e293ac8ca07244753e6d1c",
                        "image": "anakli/cca:parsec_vips",
                        "imageID": "docker-pullable://anakli/cca@sha256:5c719838bc3d4d72143f27ca60bb5fe6f5f5b60be53b3972e73350596aa03547",
                        "lastState": {},
                        "name": "parsec-vips",
                        "ready": false,
                        "restartCount": 0,
                        "started": false,
                        "state": {
                            "terminated": {
                                "containerID": "docker://3a8ab11ca4fec770335f9e871d409c364a7f4f4744e293ac8ca07244753e6d1c",
                                "exitCode": 0,
                                "finishedAt": "2023-05-12T08:43:04Z",
                                "reason": "Completed",
                                "startedAt": "2023-05-12T08:41:38Z"
                            }
                        }
                    }
                ],
                "hostIP": "10.0.16.5",
                "phase": "Succeeded",
                "podIP": "100.96.6.17",
                "podIPs": [
                    {
                        "ip": "100.96.6.17"
                    }
                ],
                "qosClass": "Burstable",
                "startTime": "2023-05-12T08:41:34Z"
            }
        },
        {
            "apiVersion": "v1",
            "kind": "Pod",
            "metadata": {
                "annotations": {
                    "kubernetes.io/limit-ranger": "LimitRanger plugin set: cpu request for container memcached"
                },
                "creationTimestamp": "2023-05-12T08:38:28Z",
                "labels": {
                    "name": "some-memcached"
                },
                "name": "some-memcached",
                "namespace": "default",
                "resourceVersion": "14128",
                "uid": "13b1e467-c411-4994-8be7-1534aebf18b3"
            },
            "spec": {
                "containers": [
                    {
                        "args": [
                            "-c",
                            "taskset -c 0 ./memcached -t 1 -u memcache -n 1"
                        ],
                        "command": [
                            "/bin/sh"
                        ],
                        "image": "anakli/memcached:t1",
                        "imagePullPolicy": "Always",
                        "name": "memcached",
                        "resources": {
                            "requests": {
                                "cpu": "100m"
                            }
                        },
                        "terminationMessagePath": "/dev/termination-log",
                        "terminationMessagePolicy": "File",
                        "volumeMounts": [
                            {
                                "mountPath": "/var/run/secrets/kubernetes.io/serviceaccount",
                                "name": "kube-api-access-khtx5",
                                "readOnly": true
                            }
                        ]
                    }
                ],
                "dnsPolicy": "ClusterFirst",
                "enableServiceLinks": true,
                "nodeName": "node-a-2core-51sb",
                "nodeSelector": {
                    "cca-project-nodetype": "node-a-2core"
                },
                "preemptionPolicy": "PreemptLowerPriority",
                "priority": 0,
                "restartPolicy": "Always",
                "schedulerName": "default-scheduler",
                "securityContext": {},
                "serviceAccount": "default",
                "serviceAccountName": "default",
                "terminationGracePeriodSeconds": 30,
                "tolerations": [
                    {
                        "effect": "NoExecute",
                        "key": "node.kubernetes.io/not-ready",
                        "operator": "Exists",
                        "tolerationSeconds": 300
                    },
                    {
                        "effect": "NoExecute",
                        "key": "node.kubernetes.io/unreachable",
                        "operator": "Exists",
                        "tolerationSeconds": 300
                    }
                ],
                "volumes": [
                    {
                        "name": "kube-api-access-khtx5",
                        "projected": {
                            "defaultMode": 420,
                            "sources": [
                                {
                                    "serviceAccountToken": {
                                        "expirationSeconds": 3607,
                                        "path": "token"
                                    }
                                },
                                {
                                    "configMap": {
                                        "items": [
                                            {
                                                "key": "ca.crt",
                                                "path": "ca.crt"
                                            }
                                        ],
                                        "name": "kube-root-ca.crt"
                                    }
                                },
                                {
                                    "downwardAPI": {
                                        "items": [
                                            {
                                                "fieldRef": {
                                                    "apiVersion": "v1",
                                                    "fieldPath": "metadata.namespace"
                                                },
                                                "path": "namespace"
                                            }
                                        ]
                                    }
                                }
                            ]
                        }
                    }
                ]
            },
            "status": {
                "conditions": [
                    {
                        "lastProbeTime": null,
                        "lastTransitionTime": "2023-05-12T08:38:28Z",
                        "status": "True",
                        "type": "Initialized"
                    },
                    {
                        "lastProbeTime": null,
                        "lastTransitionTime": "2023-05-12T08:38:31Z",
                        "status": "True",
                        "type": "Ready"
                    },
                    {
                        "lastProbeTime": null,
                        "lastTransitionTime": "2023-05-12T08:38:31Z",
                        "status": "True",
                        "type": "ContainersReady"
                    },
                    {
                        "lastProbeTime": null,
                        "lastTransitionTime": "2023-05-12T08:38:28Z",
                        "status": "True",
                        "type": "PodScheduled"
                    }
                ],
                "containerStatuses": [
                    {
                        "containerID": "docker://e258fdb779766c689e6f8f1f4d26649e31c91ddb959c0458170977c5b42f27b9",
                        "image": "anakli/memcached:t1",
                        "imageID": "docker-pullable://anakli/memcached@sha256:04a3fa6ff86d7f3fcd0eb378e0f41fa3ba84b890d3a745fcea9704659d075b27",
                        "lastState": {},
                        "name": "memcached",
                        "ready": true,
                        "restartCount": 0,
                        "started": true,
                        "state": {
                            "running": {
                                "startedAt": "2023-05-12T08:38:30Z"
                            }
                        }
                    }
                ],
                "hostIP": "10.0.16.8",
                "phase": "Running",
                "podIP": "100.96.5.11",
                "podIPs": [
                    {
                        "ip": "100.96.5.11"
                    }
                ],
                "qosClass": "Burstable",
                "startTime": "2023-05-12T08:38:28Z"
            }
        }
    ],
    "kind": "List",
    "metadata": {
        "resourceVersion": ""
    }
}
