{
    "apiVersion": "v1",
    "items": [
        {
            "apiVersion": "v1",
            "kind": "Pod",
            "metadata": {
                "annotations": {
                    "kubernetes.io/limit-ranger": "LimitRanger plugin set: cpu request for container parsec-blackscholes"
                },
                "creationTimestamp": "2023-05-12T08:15:29Z",
                "generateName": "parsec-blackscholes-",
                "labels": {
                    "controller-uid": "0e22a369-c48a-4c3d-8e8d-f478e25b9885",
                    "job-name": "parsec-blackscholes"
                },
                "name": "parsec-blackscholes-qgxsd",
                "namespace": "default",
                "ownerReferences": [
                    {
                        "apiVersion": "batch/v1",
                        "blockOwnerDeletion": true,
                        "controller": true,
                        "kind": "Job",
                        "name": "parsec-blackscholes",
                        "uid": "0e22a369-c48a-4c3d-8e8d-f478e25b9885"
                    }
                ],
                "resourceVersion": "9373",
                "uid": "6fbf7f59-a0e7-46cd-9c8b-3540fe013719"
            },
            "spec": {
                "containers": [
                    {
                        "args": [
                            "-c",
                            "taskset -c 1 ./run -a run -S parsec -p blackscholes -i native -n 1"
                        ],
                        "command": [
                            "/bin/sh"
                        ],
                        "image": "anakli/cca:parsec_blackscholes",
                        "imagePullPolicy": "Always",
                        "name": "parsec-blackscholes",
                        "resources": {
                            "requests": {
                                "cpu": "100m"
                            }
                        },
                        "terminationMessagePath": "/dev/termination-log",
                        "terminationMessagePolicy": "File",
                        "volumeMounts": [
                            {
                                "mountPath": "/var/run/secrets/kubernetes.io/serviceaccount",
                                "name": "kube-api-access-vthzz",
                                "readOnly": true
                            }
                        ]
                    }
                ],
                "dnsPolicy": "ClusterFirst",
                "enableServiceLinks": true,
                "nodeName": "node-a-2core-51sb",
                "nodeSelector": {
                    "cca-project-nodetype": "node-a-2core"
                },
                "preemptionPolicy": "PreemptLowerPriority",
                "priority": 0,
                "restartPolicy": "Never",
                "schedulerName": "default-scheduler",
                "securityContext": {},
                "serviceAccount": "default",
                "serviceAccountName": "default",
                "terminationGracePeriodSeconds": 30,
                "tolerations": [
                    {
                        "effect": "NoExecute",
                        "key": "node.kubernetes.io/not-ready",
                        "operator": "Exists",
                        "tolerationSeconds": 300
                    },
                    {
                        "effect": "NoExecute",
                        "key": "node.kubernetes.io/unreachable",
                        "operator": "Exists",
                        "tolerationSeconds": 300
                    }
                ],
                "volumes": [
                    {
                        "name": "kube-api-access-vthzz",
                        "projected": {
                            "defaultMode": 420,
                            "sources": [
                                {
                                    "serviceAccountToken": {
                                        "expirationSeconds": 3607,
                                        "path": "token"
                                    }
                                },
                                {
                                    "configMap": {
                                        "items": [
                                            {
                                                "key": "ca.crt",
                                                "path": "ca.crt"
                                            }
                                        ],
                                        "name": "kube-root-ca.crt"
                                    }
                                },
                                {
                                    "downwardAPI": {
                                        "items": [
                                            {
                                                "fieldRef": {
                                                    "apiVersion": "v1",
                                                    "fieldPath": "metadata.namespace"
                                                },
                                                "path": "namespace"
                                            }
                                        ]
                                    }
                                }
                            ]
                        }
                    }
                ]
            },
            "status": {
                "conditions": [
                    {
                        "lastProbeTime": null,
                        "lastTransitionTime": "2023-05-12T08:15:29Z",
                        "reason": "PodCompleted",
                        "status": "True",
                        "type": "Initialized"
                    },
                    {
                        "lastProbeTime": null,
                        "lastTransitionTime": "2023-05-12T08:17:08Z",
                        "reason": "PodCompleted",
                        "status": "False",
                        "type": "Ready"
                    },
                    {
                        "lastProbeTime": null,
                        "lastTransitionTime": "2023-05-12T08:17:08Z",
                        "reason": "PodCompleted",
                        "status": "False",
                        "type": "ContainersReady"
                    },
                    {
                        "lastProbeTime": null,
                        "lastTransitionTime": "2023-05-12T08:15:29Z",
                        "status": "True",
                        "type": "PodScheduled"
                    }
                ],
                "containerStatuses": [
                    {
                        "containerID": "docker://b66e25dd83582ca46e501e82bd546890b46676543756658417fcf69daa27f055",
                        "image": "anakli/cca:parsec_blackscholes",
                        "imageID": "docker-pullable://anakli/cca@sha256:7a46dab25dbb692c7c9eaa7a6bf5edeb220e3209b2460a18d05be40533849dc3",
                        "lastState": {},
                        "name": "parsec-blackscholes",
                        "ready": false,
                        "restartCount": 0,
                        "started": false,
                        "state": {
                            "terminated": {
                                "containerID": "docker://b66e25dd83582ca46e501e82bd546890b46676543756658417fcf69daa27f055",
                                "exitCode": 0,
                                "finishedAt": "2023-05-12T08:17:06Z",
                                "reason": "Completed",
                                "startedAt": "2023-05-12T08:15:31Z"
                            }
                        }
                    }
                ],
                "hostIP": "10.0.16.8",
                "phase": "Succeeded",
                "podIP": "100.96.5.6",
                "podIPs": [
                    {
                        "ip": "100.96.5.6"
                    }
                ],
                "qosClass": "Burstable",
                "startTime": "2023-05-12T08:15:29Z"
            }
        },
        {
            "apiVersion": "v1",
            "kind": "Pod",
            "metadata": {
                "annotations": {
                    "kubernetes.io/limit-ranger": "LimitRanger plugin set: cpu request for container parsec-canneal"
                },
                "creationTimestamp": "2023-05-12T08:15:30Z",
                "generateName": "parsec-canneal-",
                "labels": {
                    "controller-uid": "fdf1b9e0-7689-45ff-855e-ae871abe9674",
                    "job-name": "parsec-canneal"
                },
                "name": "parsec-canneal-ddtqw",
                "namespace": "default",
                "ownerReferences": [
                    {
                        "apiVersion": "batch/v1",
                        "blockOwnerDeletion": true,
                        "controller": true,
                        "kind": "Job",
                        "name": "parsec-canneal",
                        "uid": "fdf1b9e0-7689-45ff-855e-ae871abe9674"
                    }
                ],
                "resourceVersion": "9560",
                "uid": "22576e8b-8e90-463d-8e87-e052243810e2"
            },
            "spec": {
                "containers": [
                    {
                        "args": [
                            "-c",
                            "taskset -c 4,5,6,7 ./run -a run -S parsec -p canneal -i native -n 4"
                        ],
                        "command": [
                            "/bin/sh"
                        ],
                        "image": "anakli/cca:parsec_canneal",
                        "imagePullPolicy": "Always",
                        "name": "parsec-canneal",
                        "resources": {
                            "requests": {
                                "cpu": "100m"
                            }
                        },
                        "terminationMessagePath": "/dev/termination-log",
                        "terminationMessagePolicy": "File",
                        "volumeMounts": [
                            {
                                "mountPath": "/var/run/secrets/kubernetes.io/serviceaccount",
                                "name": "kube-api-access-f226t",
                                "readOnly": true
                            }
                        ]
                    }
                ],
                "dnsPolicy": "ClusterFirst",
                "enableServiceLinks": true,
                "nodeName": "node-c-8core-6r0x",
                "nodeSelector": {
                    "cca-project-nodetype": "node-c-8core"
                },
                "preemptionPolicy": "PreemptLowerPriority",
                "priority": 0,
                "restartPolicy": "Never",
                "schedulerName": "default-scheduler",
                "securityContext": {},
                "serviceAccount": "default",
                "serviceAccountName": "default",
                "terminationGracePeriodSeconds": 30,
                "tolerations": [
                    {
                        "effect": "NoExecute",
                        "key": "node.kubernetes.io/not-ready",
                        "operator": "Exists",
                        "tolerationSeconds": 300
                    },
                    {
                        "effect": "NoExecute",
                        "key": "node.kubernetes.io/unreachable",
                        "operator": "Exists",
                        "tolerationSeconds": 300
                    }
                ],
                "volumes": [
                    {
                        "name": "kube-api-access-f226t",
                        "projected": {
                            "defaultMode": 420,
                            "sources": [
                                {
                                    "serviceAccountToken": {
                                        "expirationSeconds": 3607,
                                        "path": "token"
                                    }
                                },
                                {
                                    "configMap": {
                                        "items": [
                                            {
                                                "key": "ca.crt",
                                                "path": "ca.crt"
                                            }
                                        ],
                                        "name": "kube-root-ca.crt"
                                    }
                                },
                                {
                                    "downwardAPI": {
                                        "items": [
                                            {
                                                "fieldRef": {
                                                    "apiVersion": "v1",
                                                    "fieldPath": "metadata.namespace"
                                                },
                                                "path": "namespace"
                                            }
                                        ]
                                    }
                                }
                            ]
                        }
                    }
                ]
            },
            "status": {
                "conditions": [
                    {
                        "lastProbeTime": null,
                        "lastTransitionTime": "2023-05-12T08:15:30Z",
                        "reason": "PodCompleted",
                        "status": "True",
                        "type": "Initialized"
                    },
                    {
                        "lastProbeTime": null,
                        "lastTransitionTime": "2023-05-12T08:17:57Z",
                        "reason": "PodCompleted",
                        "status": "False",
                        "type": "Ready"
                    },
                    {
                        "lastProbeTime": null,
                        "lastTransitionTime": "2023-05-12T08:17:57Z",
                        "reason": "PodCompleted",
                        "status": "False",
                        "type": "ContainersReady"
                    },
                    {
                        "lastProbeTime": null,
                        "lastTransitionTime": "2023-05-12T08:15:30Z",
                        "status": "True",
                        "type": "PodScheduled"
                    }
                ],
                "containerStatuses": [
                    {
                        "containerID": "docker://78a841b714735fa098322e3b6ae2fbeae4bcaaa25b8b7170dd50ae7a6a564e25",
                        "image": "anakli/cca:parsec_canneal",
                        "imageID": "docker-pullable://anakli/cca@sha256:cb8c3ea7a7071c7802b84179c36f52673ee099bbc2efd90149611285fec24367",
                        "lastState": {},
                        "name": "parsec-canneal",
                        "ready": false,
                        "restartCount": 0,
                        "started": false,
                        "state": {
                            "terminated": {
                                "containerID": "docker://78a841b714735fa098322e3b6ae2fbeae4bcaaa25b8b7170dd50ae7a6a564e25",
                                "exitCode": 0,
                                "finishedAt": "2023-05-12T08:17:57Z",
                                "reason": "Completed",
                                "startedAt": "2023-05-12T08:15:32Z"
                            }
                        }
                    }
                ],
                "hostIP": "10.0.16.5",
                "phase": "Succeeded",
                "podIP": "100.96.6.6",
                "podIPs": [
                    {
                        "ip": "100.96.6.6"
                    }
                ],
                "qosClass": "Burstable",
                "startTime": "2023-05-12T08:15:30Z"
            }
        },
        {
            "apiVersion": "v1",
            "kind": "Pod",
            "metadata": {
                "annotations": {
                    "kubernetes.io/limit-ranger": "LimitRanger plugin set: cpu request for container parsec-dedup"
                },
                "creationTimestamp": "2023-05-12T08:15:30Z",
                "generateName": "parsec-dedup-",
                "labels": {
                    "controller-uid": "1a18b937-6a53-4011-a96e-cd3d10e954fa",
                    "job-name": "parsec-dedup"
                },
                "name": "parsec-dedup-8vtbn",
                "namespace": "default",
                "ownerReferences": [
                    {
                        "apiVersion": "batch/v1",
                        "blockOwnerDeletion": true,
                        "controller": true,
                        "kind": "Job",
                        "name": "parsec-dedup",
                        "uid": "1a18b937-6a53-4011-a96e-cd3d10e954fa"
                    }
                ],
                "resourceVersion": "9213",
                "uid": "b11ba6a9-e146-4a86-99b7-f1afc8398dd3"
            },
            "spec": {
                "containers": [
                    {
                        "args": [
                            "-c",
                            "taskset -c 1 ./run -a run -S parsec -p dedup -i native -n 1"
                        ],
                        "command": [
                            "/bin/sh"
                        ],
                        "image": "anakli/cca:parsec_dedup",
                        "imagePullPolicy": "Always",
                        "name": "parsec-dedup",
                        "resources": {
                            "requests": {
                                "cpu": "100m"
                            }
                        },
                        "terminationMessagePath": "/dev/termination-log",
                        "terminationMessagePolicy": "File",
                        "volumeMounts": [
                            {
                                "mountPath": "/var/run/secrets/kubernetes.io/serviceaccount",
                                "name": "kube-api-access-clqg7",
                                "readOnly": true
                            }
                        ]
                    }
                ],
                "dnsPolicy": "ClusterFirst",
                "enableServiceLinks": true,
                "nodeName": "node-a-2core-51sb",
                "nodeSelector": {
                    "cca-project-nodetype": "node-a-2core"
                },
                "preemptionPolicy": "PreemptLowerPriority",
                "priority": 0,
                "restartPolicy": "Never",
                "schedulerName": "default-scheduler",
                "securityContext": {},
                "serviceAccount": "default",
                "serviceAccountName": "default",
                "terminationGracePeriodSeconds": 30,
                "tolerations": [
                    {
                        "effect": "NoExecute",
                        "key": "node.kubernetes.io/not-ready",
                        "operator": "Exists",
                        "tolerationSeconds": 300
                    },
                    {
                        "effect": "NoExecute",
                        "key": "node.kubernetes.io/unreachable",
                        "operator": "Exists",
                        "tolerationSeconds": 300
                    }
                ],
                "volumes": [
                    {
                        "name": "kube-api-access-clqg7",
                        "projected": {
                            "defaultMode": 420,
                            "sources": [
                                {
                                    "serviceAccountToken": {
                                        "expirationSeconds": 3607,
                                        "path": "token"
                                    }
                                },
                                {
                                    "configMap": {
                                        "items": [
                                            {
                                                "key": "ca.crt",
                                                "path": "ca.crt"
                                            }
                                        ],
                                        "name": "kube-root-ca.crt"
                                    }
                                },
                                {
                                    "downwardAPI": {
                                        "items": [
                                            {
                                                "fieldRef": {
                                                    "apiVersion": "v1",
                                                    "fieldPath": "metadata.namespace"
                                                },
                                                "path": "namespace"
                                            }
                                        ]
                                    }
                                }
                            ]
                        }
                    }
                ]
            },
            "status": {
                "conditions": [
                    {
                        "lastProbeTime": null,
                        "lastTransitionTime": "2023-05-12T08:15:30Z",
                        "reason": "PodCompleted",
                        "status": "True",
                        "type": "Initialized"
                    },
                    {
                        "lastProbeTime": null,
                        "lastTransitionTime": "2023-05-12T08:16:24Z",
                        "reason": "PodCompleted",
                        "status": "False",
                        "type": "Ready"
                    },
                    {
                        "lastProbeTime": null,
                        "lastTransitionTime": "2023-05-12T08:16:24Z",
                        "reason": "PodCompleted",
                        "status": "False",
                        "type": "ContainersReady"
                    },
                    {
                        "lastProbeTime": null,
                        "lastTransitionTime": "2023-05-12T08:15:30Z",
                        "status": "True",
                        "type": "PodScheduled"
                    }
                ],
                "containerStatuses": [
                    {
                        "containerID": "docker://5b8480792a03da4c9805434cc8d471faf1e79e121747217d97937cc134a567e3",
                        "image": "anakli/cca:parsec_dedup",
                        "imageID": "docker-pullable://anakli/cca@sha256:4bd64384b51253d5f69a5bb229055c6d114e4751b19036f29d8e75d84b53164d",
                        "lastState": {},
                        "name": "parsec-dedup",
                        "ready": false,
                        "restartCount": 0,
                        "started": false,
                        "state": {
                            "terminated": {
                                "containerID": "docker://5b8480792a03da4c9805434cc8d471faf1e79e121747217d97937cc134a567e3",
                                "exitCode": 0,
                                "finishedAt": "2023-05-12T08:16:23Z",
                                "reason": "Completed",
                                "startedAt": "2023-05-12T08:15:37Z"
                            }
                        }
                    }
                ],
                "hostIP": "10.0.16.8",
                "phase": "Succeeded",
                "podIP": "100.96.5.7",
                "podIPs": [
                    {
                        "ip": "100.96.5.7"
                    }
                ],
                "qosClass": "Burstable",
                "startTime": "2023-05-12T08:15:30Z"
            }
        },
        {
            "apiVersion": "v1",
            "kind": "Pod",
            "metadata": {
                "annotations": {
                    "kubernetes.io/limit-ranger": "LimitRanger plugin set: cpu request for container parsec-ferret"
                },
                "creationTimestamp": "2023-05-12T08:15:30Z",
                "generateName": "parsec-ferret-",
                "labels": {
                    "controller-uid": "0720eb6d-c6fe-41cd-933e-d1bc37de85de",
                    "job-name": "parsec-ferret"
                },
                "name": "parsec-ferret-rtfcl",
                "namespace": "default",
                "ownerReferences": [
                    {
                        "apiVersion": "batch/v1",
                        "blockOwnerDeletion": true,
                        "controller": true,
                        "kind": "Job",
                        "name": "parsec-ferret",
                        "uid": "0720eb6d-c6fe-41cd-933e-d1bc37de85de"
                    }
                ],
                "resourceVersion": "9601",
                "uid": "d418ce4d-9ab6-4637-a987-bcf97c7f856b"
            },
            "spec": {
                "containers": [
                    {
                        "args": [
                            "-c",
                            "taskset -c 0,1,2,3 ./run -a run -S parsec -p ferret -i native -n 4"
                        ],
                        "command": [
                            "/bin/sh"
                        ],
                        "image": "anakli/cca:parsec_ferret",
                        "imagePullPolicy": "Always",
                        "name": "parsec-ferret",
                        "resources": {
                            "requests": {
                                "cpu": "100m"
                            }
                        },
                        "terminationMessagePath": "/dev/termination-log",
                        "terminationMessagePolicy": "File",
                        "volumeMounts": [
                            {
                                "mountPath": "/var/run/secrets/kubernetes.io/serviceaccount",
                                "name": "kube-api-access-l9lzh",
                                "readOnly": true
                            }
                        ]
                    }
                ],
                "dnsPolicy": "ClusterFirst",
                "enableServiceLinks": true,
                "nodeName": "node-c-8core-6r0x",
                "nodeSelector": {
                    "cca-project-nodetype": "node-c-8core"
                },
                "preemptionPolicy": "PreemptLowerPriority",
                "priority": 0,
                "restartPolicy": "Never",
                "schedulerName": "default-scheduler",
                "securityContext": {},
                "serviceAccount": "default",
                "serviceAccountName": "default",
                "terminationGracePeriodSeconds": 30,
                "tolerations": [
                    {
                        "effect": "NoExecute",
                        "key": "node.kubernetes.io/not-ready",
                        "operator": "Exists",
                        "tolerationSeconds": 300
                    },
                    {
                        "effect": "NoExecute",
                        "key": "node.kubernetes.io/unreachable",
                        "operator": "Exists",
                        "tolerationSeconds": 300
                    }
                ],
                "volumes": [
                    {
                        "name": "kube-api-access-l9lzh",
                        "projected": {
                            "defaultMode": 420,
                            "sources": [
                                {
                                    "serviceAccountToken": {
                                        "expirationSeconds": 3607,
                                        "path": "token"
                                    }
                                },
                                {
                                    "configMap": {
                                        "items": [
                                            {
                                                "key": "ca.crt",
                                                "path": "ca.crt"
                                            }
                                        ],
                                        "name": "kube-root-ca.crt"
                                    }
                                },
                                {
                                    "downwardAPI": {
                                        "items": [
                                            {
                                                "fieldRef": {
                                                    "apiVersion": "v1",
                                                    "fieldPath": "metadata.namespace"
                                                },
                                                "path": "namespace"
                                            }
                                        ]
                                    }
                                }
                            ]
                        }
                    }
                ]
            },
            "status": {
                "conditions": [
                    {
                        "lastProbeTime": null,
                        "lastTransitionTime": "2023-05-12T08:15:30Z",
                        "reason": "PodCompleted",
                        "status": "True",
                        "type": "Initialized"
                    },
                    {
                        "lastProbeTime": null,
                        "lastTransitionTime": "2023-05-12T08:18:08Z",
                        "reason": "PodCompleted",
                        "status": "False",
                        "type": "Ready"
                    },
                    {
                        "lastProbeTime": null,
                        "lastTransitionTime": "2023-05-12T08:18:08Z",
                        "reason": "PodCompleted",
                        "status": "False",
                        "type": "ContainersReady"
                    },
                    {
                        "lastProbeTime": null,
                        "lastTransitionTime": "2023-05-12T08:15:30Z",
                        "status": "True",
                        "type": "PodScheduled"
                    }
                ],
                "containerStatuses": [
                    {
                        "containerID": "docker://87d1fe97ec2daab03ab3fee079e7e545072a27cd2c7f1bf93323005b4672217d",
                        "image": "anakli/cca:parsec_ferret",
                        "imageID": "docker-pullable://anakli/cca@sha256:3f14f111258188c28b3d2b7a7f3510220f99048148a083cd9fc6168daaea9e17",
                        "lastState": {},
                        "name": "parsec-ferret",
                        "ready": false,
                        "restartCount": 0,
                        "started": false,
                        "state": {
                            "terminated": {
                                "containerID": "docker://87d1fe97ec2daab03ab3fee079e7e545072a27cd2c7f1bf93323005b4672217d",
                                "exitCode": 0,
                                "finishedAt": "2023-05-12T08:18:08Z",
                                "reason": "Completed",
                                "startedAt": "2023-05-12T08:15:33Z"
                            }
                        }
                    }
                ],
                "hostIP": "10.0.16.5",
                "phase": "Succeeded",
                "podIP": "100.96.6.7",
                "podIPs": [
                    {
                        "ip": "100.96.6.7"
                    }
                ],
                "qosClass": "Burstable",
                "startTime": "2023-05-12T08:15:30Z"
            }
        },
        {
            "apiVersion": "v1",
            "kind": "Pod",
            "metadata": {
                "annotations": {
                    "kubernetes.io/limit-ranger": "LimitRanger plugin set: cpu request for container parsec-freqmine"
                },
                "creationTimestamp": "2023-05-12T08:15:30Z",
                "generateName": "parsec-freqmine-",
                "labels": {
                    "controller-uid": "1a8df19d-4201-4ce7-8c09-03f47c3e9987",
                    "job-name": "parsec-freqmine"
                },
                "name": "parsec-freqmine-lk5sg",
                "namespace": "default",
                "ownerReferences": [
                    {
                        "apiVersion": "batch/v1",
                        "blockOwnerDeletion": true,
                        "controller": true,
                        "kind": "Job",
                        "name": "parsec-freqmine",
                        "uid": "1a8df19d-4201-4ce7-8c09-03f47c3e9987"
                    }
                ],
                "resourceVersion": "9563",
                "uid": "5082302b-94ac-43f4-a913-7dc4c3071f09"
            },
            "spec": {
                "containers": [
                    {
                        "args": [
                            "-c",
                            "taskset -c 0,1,2,3 ./run -a run -S parsec -p freqmine -i native -n 4"
                        ],
                        "command": [
                            "/bin/sh"
                        ],
                        "image": "anakli/cca:parsec_freqmine",
                        "imagePullPolicy": "Always",
                        "name": "parsec-freqmine",
                        "resources": {
                            "requests": {
                                "cpu": "100m"
                            }
                        },
                        "terminationMessagePath": "/dev/termination-log",
                        "terminationMessagePolicy": "File",
                        "volumeMounts": [
                            {
                                "mountPath": "/var/run/secrets/kubernetes.io/serviceaccount",
                                "name": "kube-api-access-4txf2",
                                "readOnly": true
                            }
                        ]
                    }
                ],
                "dnsPolicy": "ClusterFirst",
                "enableServiceLinks": true,
                "nodeName": "node-b-4core-whlf",
                "nodeSelector": {
                    "cca-project-nodetype": "node-b-4core"
                },
                "preemptionPolicy": "PreemptLowerPriority",
                "priority": 0,
                "restartPolicy": "Never",
                "schedulerName": "default-scheduler",
                "securityContext": {},
                "serviceAccount": "default",
                "serviceAccountName": "default",
                "terminationGracePeriodSeconds": 30,
                "tolerations": [
                    {
                        "effect": "NoExecute",
                        "key": "node.kubernetes.io/not-ready",
                        "operator": "Exists",
                        "tolerationSeconds": 300
                    },
                    {
                        "effect": "NoExecute",
                        "key": "node.kubernetes.io/unreachable",
                        "operator": "Exists",
                        "tolerationSeconds": 300
                    }
                ],
                "volumes": [
                    {
                        "name": "kube-api-access-4txf2",
                        "projected": {
                            "defaultMode": 420,
                            "sources": [
                                {
                                    "serviceAccountToken": {
                                        "expirationSeconds": 3607,
                                        "path": "token"
                                    }
                                },
                                {
                                    "configMap": {
                                        "items": [
                                            {
                                                "key": "ca.crt",
                                                "path": "ca.crt"
                                            }
                                        ],
                                        "name": "kube-root-ca.crt"
                                    }
                                },
                                {
                                    "downwardAPI": {
                                        "items": [
                                            {
                                                "fieldRef": {
                                                    "apiVersion": "v1",
                                                    "fieldPath": "metadata.namespace"
                                                },
                                                "path": "namespace"
                                            }
                                        ]
                                    }
                                }
                            ]
                        }
                    }
                ]
            },
            "status": {
                "conditions": [
                    {
                        "lastProbeTime": null,
                        "lastTransitionTime": "2023-05-12T08:15:30Z",
                        "reason": "PodCompleted",
                        "status": "True",
                        "type": "Initialized"
                    },
                    {
                        "lastProbeTime": null,
                        "lastTransitionTime": "2023-05-12T08:17:59Z",
                        "reason": "PodCompleted",
                        "status": "False",
                        "type": "Ready"
                    },
                    {
                        "lastProbeTime": null,
                        "lastTransitionTime": "2023-05-12T08:17:59Z",
                        "reason": "PodCompleted",
                        "status": "False",
                        "type": "ContainersReady"
                    },
                    {
                        "lastProbeTime": null,
                        "lastTransitionTime": "2023-05-12T08:15:30Z",
                        "status": "True",
                        "type": "PodScheduled"
                    }
                ],
                "containerStatuses": [
                    {
                        "containerID": "docker://9e2a901205f049b3d97f7ec8411e06c85af4f765cb3ba1d597fe13cc2d172c49",
                        "image": "anakli/cca:parsec_freqmine",
                        "imageID": "docker-pullable://anakli/cca@sha256:c2a2f85fe345a655e84a629f04a1ca30482b9c0dd658bed193ed1d70a6395e5a",
                        "lastState": {},
                        "name": "parsec-freqmine",
                        "ready": false,
                        "restartCount": 0,
                        "started": false,
                        "state": {
                            "terminated": {
                                "containerID": "docker://9e2a901205f049b3d97f7ec8411e06c85af4f765cb3ba1d597fe13cc2d172c49",
                                "exitCode": 0,
                                "finishedAt": "2023-05-12T08:17:58Z",
                                "reason": "Completed",
                                "startedAt": "2023-05-12T08:15:32Z"
                            }
                        }
                    }
                ],
                "hostIP": "10.0.16.3",
                "phase": "Succeeded",
                "podIP": "100.96.1.3",
                "podIPs": [
                    {
                        "ip": "100.96.1.3"
                    }
                ],
                "qosClass": "Burstable",
                "startTime": "2023-05-12T08:15:30Z"
            }
        },
        {
            "apiVersion": "v1",
            "kind": "Pod",
            "metadata": {
                "annotations": {
                    "kubernetes.io/limit-ranger": "LimitRanger plugin set: cpu request for container parsec-radix"
                },
                "creationTimestamp": "2023-05-12T08:15:30Z",
                "generateName": "parsec-radix-",
                "labels": {
                    "controller-uid": "0bc7ef85-6cdf-4544-a105-fcec6caf7f56",
                    "job-name": "parsec-radix"
                },
                "name": "parsec-radix-lfnlw",
                "namespace": "default",
                "ownerReferences": [
                    {
                        "apiVersion": "batch/v1",
                        "blockOwnerDeletion": true,
                        "controller": true,
                        "kind": "Job",
                        "name": "parsec-radix",
                        "uid": "0bc7ef85-6cdf-4544-a105-fcec6caf7f56"
                    }
                ],
                "resourceVersion": "9207",
                "uid": "8b511b21-cb46-4a0b-86f5-4ba8e7a3703f"
            },
            "spec": {
                "containers": [
                    {
                        "args": [
                            "-c",
                            "taskset -c 4,5,6,7 ./run -a run -S splash2x -p radix -i native -n 4"
                        ],
                        "command": [
                            "/bin/sh"
                        ],
                        "image": "anakli/cca:splash2x_radix",
                        "imagePullPolicy": "Always",
                        "name": "parsec-radix",
                        "resources": {
                            "requests": {
                                "cpu": "100m"
                            }
                        },
                        "terminationMessagePath": "/dev/termination-log",
                        "terminationMessagePolicy": "File",
                        "volumeMounts": [
                            {
                                "mountPath": "/var/run/secrets/kubernetes.io/serviceaccount",
                                "name": "kube-api-access-bcgzl",
                                "readOnly": true
                            }
                        ]
                    }
                ],
                "dnsPolicy": "ClusterFirst",
                "enableServiceLinks": true,
                "nodeName": "node-c-8core-6r0x",
                "nodeSelector": {
                    "cca-project-nodetype": "node-c-8core"
                },
                "preemptionPolicy": "PreemptLowerPriority",
                "priority": 0,
                "restartPolicy": "Never",
                "schedulerName": "default-scheduler",
                "securityContext": {},
                "serviceAccount": "default",
                "serviceAccountName": "default",
                "terminationGracePeriodSeconds": 30,
                "tolerations": [
                    {
                        "effect": "NoExecute",
                        "key": "node.kubernetes.io/not-ready",
                        "operator": "Exists",
                        "tolerationSeconds": 300
                    },
                    {
                        "effect": "NoExecute",
                        "key": "node.kubernetes.io/unreachable",
                        "operator": "Exists",
                        "tolerationSeconds": 300
                    }
                ],
                "volumes": [
                    {
                        "name": "kube-api-access-bcgzl",
                        "projected": {
                            "defaultMode": 420,
                            "sources": [
                                {
                                    "serviceAccountToken": {
                                        "expirationSeconds": 3607,
                                        "path": "token"
                                    }
                                },
                                {
                                    "configMap": {
                                        "items": [
                                            {
                                                "key": "ca.crt",
                                                "path": "ca.crt"
                                            }
                                        ],
                                        "name": "kube-root-ca.crt"
                                    }
                                },
                                {
                                    "downwardAPI": {
                                        "items": [
                                            {
                                                "fieldRef": {
                                                    "apiVersion": "v1",
                                                    "fieldPath": "metadata.namespace"
                                                },
                                                "path": "namespace"
                                            }
                                        ]
                                    }
                                }
                            ]
                        }
                    }
                ]
            },
            "status": {
                "conditions": [
                    {
                        "lastProbeTime": null,
                        "lastTransitionTime": "2023-05-12T08:15:30Z",
                        "reason": "PodCompleted",
                        "status": "True",
                        "type": "Initialized"
                    },
                    {
                        "lastProbeTime": null,
                        "lastTransitionTime": "2023-05-12T08:16:23Z",
                        "reason": "PodCompleted",
                        "status": "False",
                        "type": "Ready"
                    },
                    {
                        "lastProbeTime": null,
                        "lastTransitionTime": "2023-05-12T08:16:23Z",
                        "reason": "PodCompleted",
                        "status": "False",
                        "type": "ContainersReady"
                    },
                    {
                        "lastProbeTime": null,
                        "lastTransitionTime": "2023-05-12T08:15:30Z",
                        "status": "True",
                        "type": "PodScheduled"
                    }
                ],
                "containerStatuses": [
                    {
                        "containerID": "docker://509af9a61913ab498f8db5fbc23465d34794bfa40a219e74cb4882c923f30b41",
                        "image": "anakli/cca:splash2x_radix",
                        "imageID": "docker-pullable://anakli/cca@sha256:dbf0e10e749cf6544504ec0c90a206b8fcdc7fced6c23df536f5857f3f0ed319",
                        "lastState": {},
                        "name": "parsec-radix",
                        "ready": false,
                        "restartCount": 0,
                        "started": false,
                        "state": {
                            "terminated": {
                                "containerID": "docker://509af9a61913ab498f8db5fbc23465d34794bfa40a219e74cb4882c923f30b41",
                                "exitCode": 0,
                                "finishedAt": "2023-05-12T08:16:08Z",
                                "reason": "Completed",
                                "startedAt": "2023-05-12T08:15:33Z"
                            }
                        }
                    }
                ],
                "hostIP": "10.0.16.5",
                "phase": "Succeeded",
                "podIP": "100.96.6.8",
                "podIPs": [
                    {
                        "ip": "100.96.6.8"
                    }
                ],
                "qosClass": "Burstable",
                "startTime": "2023-05-12T08:15:30Z"
            }
        },
        {
            "apiVersion": "v1",
            "kind": "Pod",
            "metadata": {
                "annotations": {
                    "kubernetes.io/limit-ranger": "LimitRanger plugin set: cpu request for container parsec-vips"
                },
                "creationTimestamp": "2023-05-12T08:15:31Z",
                "generateName": "parsec-vips-",
                "labels": {
                    "controller-uid": "5e45319d-286a-4120-abbb-e94f9eb1c35f",
                    "job-name": "parsec-vips"
                },
                "name": "parsec-vips-rfm6n",
                "namespace": "default",
                "ownerReferences": [
                    {
                        "apiVersion": "batch/v1",
                        "blockOwnerDeletion": true,
                        "controller": true,
                        "kind": "Job",
                        "name": "parsec-vips",
                        "uid": "5e45319d-286a-4120-abbb-e94f9eb1c35f"
                    }
                ],
                "resourceVersion": "9361",
                "uid": "5132c7f0-c58f-4f9e-8e7c-a4a6ddb2a8ed"
            },
            "spec": {
                "containers": [
                    {
                        "args": [
                            "-c",
                            "taskset -c 4,5,6,7 ./run -a run -S parsec -p vips -i native -n 4"
                        ],
                        "command": [
                            "/bin/sh"
                        ],
                        "image": "anakli/cca:parsec_vips",
                        "imagePullPolicy": "Always",
                        "name": "parsec-vips",
                        "resources": {
                            "requests": {
                                "cpu": "100m"
                            }
                        },
                        "terminationMessagePath": "/dev/termination-log",
                        "terminationMessagePolicy": "File",
                        "volumeMounts": [
                            {
                                "mountPath": "/var/run/secrets/kubernetes.io/serviceaccount",
                                "name": "kube-api-access-mpfv2",
                                "readOnly": true
                            }
                        ]
                    }
                ],
                "dnsPolicy": "ClusterFirst",
                "enableServiceLinks": true,
                "nodeName": "node-c-8core-6r0x",
                "nodeSelector": {
                    "cca-project-nodetype": "node-c-8core"
                },
                "preemptionPolicy": "PreemptLowerPriority",
                "priority": 0,
                "restartPolicy": "Never",
                "schedulerName": "default-scheduler",
                "securityContext": {},
                "serviceAccount": "default",
                "serviceAccountName": "default",
                "terminationGracePeriodSeconds": 30,
                "tolerations": [
                    {
                        "effect": "NoExecute",
                        "key": "node.kubernetes.io/not-ready",
                        "operator": "Exists",
                        "tolerationSeconds": 300
                    },
                    {
                        "effect": "NoExecute",
                        "key": "node.kubernetes.io/unreachable",
                        "operator": "Exists",
                        "tolerationSeconds": 300
                    }
                ],
                "volumes": [
                    {
                        "name": "kube-api-access-mpfv2",
                        "projected": {
                            "defaultMode": 420,
                            "sources": [
                                {
                                    "serviceAccountToken": {
                                        "expirationSeconds": 3607,
                                        "path": "token"
                                    }
                                },
                                {
                                    "configMap": {
                                        "items": [
                                            {
                                                "key": "ca.crt",
                                                "path": "ca.crt"
                                            }
                                        ],
                                        "name": "kube-root-ca.crt"
                                    }
                                },
                                {
                                    "downwardAPI": {
                                        "items": [
                                            {
                                                "fieldRef": {
                                                    "apiVersion": "v1",
                                                    "fieldPath": "metadata.namespace"
                                                },
                                                "path": "namespace"
                                            }
                                        ]
                                    }
                                }
                            ]
                        }
                    }
                ]
            },
            "status": {
                "conditions": [
                    {
                        "lastProbeTime": null,
                        "lastTransitionTime": "2023-05-12T08:15:31Z",
                        "reason": "PodCompleted",
                        "status": "True",
                        "type": "Initialized"
                    },
                    {
                        "lastProbeTime": null,
                        "lastTransitionTime": "2023-05-12T08:17:05Z",
                        "reason": "PodCompleted",
                        "status": "False",
                        "type": "Ready"
                    },
                    {
                        "lastProbeTime": null,
                        "lastTransitionTime": "2023-05-12T08:17:05Z",
                        "reason": "PodCompleted",
                        "status": "False",
                        "type": "ContainersReady"
                    },
                    {
                        "lastProbeTime": null,
                        "lastTransitionTime": "2023-05-12T08:15:31Z",
                        "status": "True",
                        "type": "PodScheduled"
                    }
                ],
                "containerStatuses": [
                    {
                        "containerID": "docker://f86aeddaba52a6bbc71191f90e84947154716992baebca09b9b3c4a647b7007f",
                        "image": "anakli/cca:parsec_vips",
                        "imageID": "docker-pullable://anakli/cca@sha256:5c719838bc3d4d72143f27ca60bb5fe6f5f5b60be53b3972e73350596aa03547",
                        "lastState": {},
                        "name": "parsec-vips",
                        "ready": false,
                        "restartCount": 0,
                        "started": false,
                        "state": {
                            "terminated": {
                                "containerID": "docker://f86aeddaba52a6bbc71191f90e84947154716992baebca09b9b3c4a647b7007f",
                                "exitCode": 0,
                                "finishedAt": "2023-05-12T08:17:03Z",
                                "reason": "Completed",
                                "startedAt": "2023-05-12T08:15:35Z"
                            }
                        }
                    }
                ],
                "hostIP": "10.0.16.5",
                "phase": "Succeeded",
                "podIP": "100.96.6.9",
                "podIPs": [
                    {
                        "ip": "100.96.6.9"
                    }
                ],
                "qosClass": "Burstable",
                "startTime": "2023-05-12T08:15:31Z"
            }
        },
        {
            "apiVersion": "v1",
            "kind": "Pod",
            "metadata": {
                "annotations": {
                    "kubernetes.io/limit-ranger": "LimitRanger plugin set: cpu request for container memcached"
                },
                "creationTimestamp": "2023-05-12T08:12:26Z",
                "labels": {
                    "name": "some-memcached"
                },
                "name": "some-memcached",
                "namespace": "default",
                "resourceVersion": "8304",
                "uid": "d5b79f13-8c2a-4c94-97ba-38292493ab23"
            },
            "spec": {
                "containers": [
                    {
                        "args": [
                            "-c",
                            "taskset -c 0 ./memcached -t 1 -u memcache -n 1"
                        ],
                        "command": [
                            "/bin/sh"
                        ],
                        "image": "anakli/memcached:t1",
                        "imagePullPolicy": "Always",
                        "name": "memcached",
                        "resources": {
                            "requests": {
                                "cpu": "100m"
                            }
                        },
                        "terminationMessagePath": "/dev/termination-log",
                        "terminationMessagePolicy": "File",
                        "volumeMounts": [
                            {
                                "mountPath": "/var/run/secrets/kubernetes.io/serviceaccount",
                                "name": "kube-api-access-lcskd",
                                "readOnly": true
                            }
                        ]
                    }
                ],
                "dnsPolicy": "ClusterFirst",
                "enableServiceLinks": true,
                "nodeName": "node-a-2core-51sb",
                "nodeSelector": {
                    "cca-project-nodetype": "node-a-2core"
                },
                "preemptionPolicy": "PreemptLowerPriority",
                "priority": 0,
                "restartPolicy": "Always",
                "schedulerName": "default-scheduler",
                "securityContext": {},
                "serviceAccount": "default",
                "serviceAccountName": "default",
                "terminationGracePeriodSeconds": 30,
                "tolerations": [
                    {
                        "effect": "NoExecute",
                        "key": "node.kubernetes.io/not-ready",
                        "operator": "Exists",
                        "tolerationSeconds": 300
                    },
                    {
                        "effect": "NoExecute",
                        "key": "node.kubernetes.io/unreachable",
                        "operator": "Exists",
                        "tolerationSeconds": 300
                    }
                ],
                "volumes": [
                    {
                        "name": "kube-api-access-lcskd",
                        "projected": {
                            "defaultMode": 420,
                            "sources": [
                                {
                                    "serviceAccountToken": {
                                        "expirationSeconds": 3607,
                                        "path": "token"
                                    }
                                },
                                {
                                    "configMap": {
                                        "items": [
                                            {
                                                "key": "ca.crt",
                                                "path": "ca.crt"
                                            }
                                        ],
                                        "name": "kube-root-ca.crt"
                                    }
                                },
                                {
                                    "downwardAPI": {
                                        "items": [
                                            {
                                                "fieldRef": {
                                                    "apiVersion": "v1",
                                                    "fieldPath": "metadata.namespace"
                                                },
                                                "path": "namespace"
                                            }
                                        ]
                                    }
                                }
                            ]
                        }
                    }
                ]
            },
            "status": {
                "conditions": [
                    {
                        "lastProbeTime": null,
                        "lastTransitionTime": "2023-05-12T08:12:26Z",
                        "status": "True",
                        "type": "Initialized"
                    },
                    {
                        "lastProbeTime": null,
                        "lastTransitionTime": "2023-05-12T08:12:28Z",
                        "status": "True",
                        "type": "Ready"
                    },
                    {
                        "lastProbeTime": null,
                        "lastTransitionTime": "2023-05-12T08:12:28Z",
                        "status": "True",
                        "type": "ContainersReady"
                    },
                    {
                        "lastProbeTime": null,
                        "lastTransitionTime": "2023-05-12T08:12:26Z",
                        "status": "True",
                        "type": "PodScheduled"
                    }
                ],
                "containerStatuses": [
                    {
                        "containerID": "docker://e77969e0cce65348726ca9ffb51561c6e7d1b78ee15efcc794697476016654c3",
                        "image": "anakli/memcached:t1",
                        "imageID": "docker-pullable://anakli/memcached@sha256:04a3fa6ff86d7f3fcd0eb378e0f41fa3ba84b890d3a745fcea9704659d075b27",
                        "lastState": {},
                        "name": "memcached",
                        "ready": true,
                        "restartCount": 0,
                        "started": true,
                        "state": {
                            "running": {
                                "startedAt": "2023-05-12T08:12:28Z"
                            }
                        }
                    }
                ],
                "hostIP": "10.0.16.8",
                "phase": "Running",
                "podIP": "100.96.5.5",
                "podIPs": [
                    {
                        "ip": "100.96.5.5"
                    }
                ],
                "qosClass": "Burstable",
                "startTime": "2023-05-12T08:12:26Z"
            }
        }
    ],
    "kind": "List",
    "metadata": {
        "resourceVersion": ""
    }
}
