,p95,QPS,,,
0,626.3,7419.4,,Total,93
1,684.8,66992,,Violation,4
2,618.7,85907.7,,Ratio,0.043010753
3,675.4,63867.3,,,
4,750.9,31535.2,,,
5,925.6,87966.3,,,
6,633.1,7273.3,,,
7,928.3,62357.7,,,
8,635.6,6591,,,
9,906,22522.6,,,
10,1175.2,60593.4,,,
11,749.5,59129,,,
12,1077.4,60172.6,,,
13,905.9,22975.6,,,
14,687.5,8152,,,
15,906.3,27646.9,,,
16,933.2,37646.1,,,
17,915,24509.2,,,
18,816.2,33862.6,,,
19,782.5,84992.9,,,
20,656.5,85810.6,,,
21,780.3,51922,,,
22,950.4,34459.4,,,
23,1158.8,28577.2,,,
24,2292.9,38136.6,,,
25,984.5,20603.7,,,
26,834.7,13831.6,,,
27,667.9,93103.8,,,
28,639.3,98341.5,,,
29,676.6,71229.6,,,
30,716.3,42122,,,
31,713.8,46428.9,,,
32,727.9,30732.9,,,
33,713.3,42937.6,,,
34,660.3,93449.7,,,
35,691.6,65680.8,,,
36,729.5,29613.1,,,
37,706.4,51539.3,,,
38,679.8,67321.8,,,
39,672.5,16245.7,,,
40,658.3,81461.6,,,
41,636.4,87652.3,,,
42,671,99161.2,,,
43,699.3,51382.7,,,
44,650.5,11881.4,,,
45,723.6,97369.7,,,
46,660.8,97353.5,,,
47,700.1,55513.8,,,
48,657.5,85949.2,,,
49,668.2,81986.3,,,
50,715.8,52923.6,,,
51,653.6,13917.7,,,
52,707.1,49837.1,,,
53,632.1,9282.5,,,
54,718.3,27192.1,,,
55,685.2,18704.1,,,
56,671.3,86323.7,,,
57,645.9,92757,,,
58,667.1,76016.3,,,
59,724,32317.4,,,
60,636,84183,,,
61,661.5,81788.9,,,
62,733,37326,,,
63,689.3,53740.2,,,
64,686.8,30283,,,
65,708.6,31669.7,,,
66,727.6,38884.5,,,
67,635.7,10653.2,,,
68,700.8,97975,,,
69,722.5,48239.5,,,
70,715.8,35006.2,,,
71,691,69782,,,
72,681.1,20750.2,,,
73,669,84692.4,,,
74,728,42292.3,,,
75,677.9,61521.3,,,
76,670.4,77960,,,
77,690.5,97836.3,,,
78,690.5,23891.3,,,
79,695.3,66730.7,,,
80,714.7,30930.5,,,
81,693.3,47363.1,,,
82,649.6,95453.8,,,
83,593.1,5300,,,
84,630.8,65753,,,
85,656.9,16853.2,,,
86,717.8,42884,,,
87,632.1,99915.7,,,
88,693.9,26335.9,,,
89,692.3,22519.9,,,
90,686.5,50526.3,,,
91,570.3,90218.7,,,
92,664.6,26205.3,,,